FID;Shape;CD_MUN;NM_MUN;CD_RGI;NM_RGI;CD_RGINT;NM_RGINT;CD_UF;NM_UF;CD_REGIAO;NM_REGIAO;CD_CONCURB;NM_CONCURB;AREA_KM2;evolucao
197;Polygon;5218805;Rio Verde;520010;Rio Verde;5203;Rio Verde;52;Goiás;5;Centro-oeste;5218805;Rio Verde;8374,254;-0,094777
15;Polygon;5201108;Anápolis;520002;Anápolis;5201;Goiânia;52;Goiás;5;Centro-oeste;5201108;Anápolis;935,672;-0,067686
18;Polygon;5201405;Aparecida de Goiânia;520001;Goiânia;5201;Goiânia;52;Goiás;5;Centro-oeste;5208707;Goiânia/GO;279,954;0,050427
223;Polygon;5220454;Senador Canedo;520001;Goiânia;5201;Goiânia;52;Goiás;5;Centro-oeste;5208707;Goiânia/GO;247,005;-0,015366
58;Polygon;5205109;Catalão;520004;Catalão;5201;Goiânia;52;Goiás;5;Centro-oeste;5205109;Catalão/GO;3826,37;-0,092703
127;Polygon;5211909;Jataí;520011;Jataí-Mineiros;5203;Rio Verde;52;Goiás;5;Centro-oeste; ; ;7178,792;-0,154363
94;Polygon;5208707;Goiânia;520001;Goiânia;5201;Goiânia;52;Goiás;5;Centro-oeste;5208707;Goiânia/GO;729,296;-0,016935
70;Polygon;5206206;Cristalina;520019;Luziânia;5206;Luziânia - Águas Lindas de Goiás;52;Goiás;5;Centro-oeste; ; ;6153,921;-0,08871
123;Polygon;5211503;Itumbiara;520007;Itumbiara;5202;Itumbiara;52;Goiás;5;Centro-oeste; ; ;2447,014;-0,072961
134;Polygon;5212501;Luziânia;520019;Luziânia;5206;Luziânia - Águas Lindas de Goiás;52;Goiás;5;Centro-oeste;5300108;Brasília/DF;3962,107;0,063638
143;Polygon;5213103;Mineiros;520011;Jataí-Mineiros;5203;Rio Verde;52;Goiás;5;Centro-oeste; ; ;9042,844;-0,10894
222;Polygon;5220405;São Simão;520012;Quirinópolis;5203;Rio Verde;52;Goiás;5;Centro-oeste; ; ;415,015;-0,386213
63;Polygon;5205471;Chapadão do Céu;520011;Jataí-Mineiros;5203;Rio Verde;52;Goiás;5;Centro-oeste; ; ;2184,077;-0,164545
30;Polygon;5203203;Barro Alto;520018;Ceres - Rialma - Goianésia;5205;Porangatu - Uruaçu;52;Goiás;5;Centro-oeste; ; ;1080,268;-0,312414
87;Polygon;5208004;Formosa;520020;Águas Lindas de Goiás;5206;Luziânia - Águas Lindas de Goiás;52;Goiás;5;Centro-oeste;5208004;Formosa;5804,292;-0,056555
110;Polygon;5210109;Ipameri;520004;Catalão;5201;Goiânia;52;Goiás;5;Centro-oeste; ; ;4382,863;-0,187785
97;Polygon;5209101;Goiatuba;520007;Itumbiara;5202;Itumbiara;52;Goiás;5;Centro-oeste; ; ;2479,591;-0,067245
193;Polygon;5218508;Quirinópolis;520012;Quirinópolis;5203;Rio Verde;52;Goiás;5;Centro-oeste; ; ;3786,026;-0,143198
173;Polygon;5215702;Palmeiras de Goiás;520015;Palmeiras de Goiás;5204;São Luís de Montes Belos - Iporá;52;Goiás;5;Centro-oeste; ; ;1537,196;-0,100293
93;Polygon;5208608;Goianésia;520018;Ceres - Rialma - Goianésia;5205;Porangatu - Uruaçu;52;Goiás;5;Centro-oeste; ; ;1547,319;-0,100481
9;Polygon;5200555;Alto Horizonte;520017;Uruaçu - Niquelândia;5205;Porangatu - Uruaçu;52;Goiás;5;Centro-oeste; ; ;500,342;-0,337699
178;Polygon;5216403;Paraúna;520015;Palmeiras de Goiás;5204;São Luís de Montes Belos - Iporá;52;Goiás;5;Centro-oeste; ; ;3786,578;-0,107097
149;Polygon;5213806;Morrinhos;520008;Caldas Novas-Morrinhos;5202;Itumbiara;52;Goiás;5;Centro-oeste; ; ;2846,299;0,003753
114;Polygon;5210406;Itaberaí;520003;Inhumas - Itaberaí - Anicuns;5201;Goiânia;52;Goiás;5;Centro-oeste; ; ;1461,916;-0,112957
147;Polygon;5213756;Montividiu;520010;Rio Verde;5203;Rio Verde;52;Goiás;5;Centro-oeste; ; ;1869,581;-0,04421
203;Polygon;5219308;Santa Helena de Goiás;520010;Rio Verde;5203;Rio Verde;52;Goiás;5;Centro-oeste; ; ;1142,337;-0,137422
232;Polygon;5221403;Trindade;520001;Goiânia;5201;Goiânia;52;Goiás;5;Centro-oeste;5208707;Goiânia/GO;712,69;0,233427
31;Polygon;5203302;Bela Vista de Goiás;520001;Goiânia;5201;Goiânia;52;Goiás;5;Centro-oeste; ; ;1274,034;-0,013144
185;Polygon;5217401;Pires do Rio;520006;Pires do Rio;5201;Goiânia;52;Goiás;5;Centro-oeste; ; ;1077,641;-0,058279
156;Polygon;5214507;Nerópolis;520001;Goiânia;5201;Goiânia;52;Goiás;5;Centro-oeste;5208707;Goiânia/GO;204,713;0,089724
47;Polygon;5204508;Caldas Novas;520008;Caldas Novas-Morrinhos;5202;Itumbiara;52;Goiás;5;Centro-oeste; ; ;1608,523;0,141011
46;Polygon;5204409;Caiapônia;520011;Jataí-Mineiros;5203;Rio Verde;52;Goiás;5;Centro-oeste; ; ;8627,961;-0,018681
7;Polygon;5200308;Alexânia;520002;Anápolis;5201;Goiânia;52;Goiás;5;Centro-oeste; ; ;846,876;0,07788
217;Polygon;5220108;São Luís de Montes Belos;520013;São Luís de Montes Belos;5204;São Luís de Montes Belos - Iporá;52;Goiás;5;Centro-oeste; ; ;829,62;0,029753
81;Polygon;5207402;Edéia;520015;Palmeiras de Goiás;5204;São Luís de Montes Belos - Iporá;52;Goiás;5;Centro-oeste; ; ;1469,099;-0,104916
157;Polygon;5214606;Niquelândia;520017;Uruaçu - Niquelândia;5205;Porangatu - Uruaçu;52;Goiás;5;Centro-oeste; ; ;9846,293;-0,131104
142;Polygon;5213087;Minaçu;520016;Porangatu;5205;Porangatu - Uruaçu;52;Goiás;5;Centro-oeste; ; ;2854,137;0,021195
170;Polygon;5215504;Ouvidor;520004;Catalão;5201;Goiânia;52;Goiás;5;Centro-oeste;5205109;Catalão/GO;411,318;-0,078446
33;Polygon;5203500;Bom Jesus de Goiás;520007;Itumbiara;5202;Itumbiara;52;Goiás;5;Centro-oeste; ; ;1405,605;-0,061688
225;Polygon;5220603;Silvânia;520002;Anápolis;5201;Goiânia;52;Goiás;5;Centro-oeste; ; ;2349,924;-0,063802
104;Polygon;5209705;Hidrolândia;520001;Goiânia;5201;Goiânia;52;Goiás;5;Centro-oeste;5208707;Goiânia/GO;952,122;0,066838
179;Polygon;5216452;Perolândia;520011;Jataí-Mineiros;5203;Rio Verde;52;Goiás;5;Centro-oeste; ; ;1033,657;-0,227174
45;Polygon;5204300;Caçu;520010;Rio Verde;5203;Rio Verde;52;Goiás;5;Centro-oeste; ; ;2254,34;-0,075506
224;Polygon;5220504;Serranópolis;520011;Jataí-Mineiros;5203;Rio Verde;52;Goiás;5;Centro-oeste; ; ;5521,774;-0,152841
182;Polygon;5217104;Piracanjuba;520009;Piracanjuba;5202;Itumbiara;52;Goiás;5;Centro-oeste; ; ;2374,232;-0,055526
188;Polygon;5218003;Porangatu;520016;Porangatu;5205;Porangatu - Uruaçu;52;Goiás;5;Centro-oeste; ; ;4825,287;0,075051
44;Polygon;5204250;Cachoeira Dourada;520007;Itumbiara;5202;Itumbiara;52;Goiás;5;Centro-oeste; ; ;528,281;-0,104192
69;Polygon;5205901;Corumbaíba;520008;Caldas Novas-Morrinhos;5202;Itumbiara;52;Goiás;5;Centro-oeste; ; ;1864,277;0,000596
160;Polygon;5214838;Nova Crixás;520005;Goiás - Itapuranga;5201;Goiânia;52;Goiás;5;Centro-oeste; ; ;7308,681;-0,045273
240;Polygon;5221858;Valparaíso de Goiás;520019;Luziânia;5206;Luziânia - Águas Lindas de Goiás;52;Goiás;5;Centro-oeste;5300108;Brasília/DF;61,488;0,676598
2;Polygon;5200134;Acreúna;520015;Palmeiras de Goiás;5204;São Luís de Montes Belos - Iporá;52;Goiás;5;Centro-oeste; ; ;1566,742;0,006121
72;Polygon;5206404;Crixás;520018;Ceres - Rialma - Goianésia;5205;Porangatu - Uruaçu;52;Goiás;5;Centro-oeste; ; ;4673,039;-0,056696
237;Polygon;5221601;Uruaçu;520017;Uruaçu - Niquelândia;5205;Porangatu - Uruaçu;52;Goiás;5;Centro-oeste; ; ;2142,484;0,111741
152;Polygon;5214002;Mozarlândia;520005;Goiás - Itapuranga;5201;Goiânia;52;Goiás;5;Centro-oeste; ; ;1738,516;-0,079762
109;Polygon;5210000;Inhumas;520003;Inhumas - Itaberaí - Anicuns;5201;Goiânia;52;Goiás;5;Centro-oeste; ; ;614,887;0,169867
186;Polygon;5217609;Planaltina;520020;Águas Lindas de Goiás;5206;Luziânia - Águas Lindas de Goiás;52;Goiás;5;Centro-oeste;5300108;Brasília/DF;2558,924;0,396428
52;Polygon;5204805;Campo Alegre de Goiás;520004;Catalão;5201;Goiânia;52;Goiás;5;Centro-oeste; ; ;2450,111;-0,007579
168;Polygon;5215306;Orizona;520006;Pires do Rio;5201;Goiânia;52;Goiás;5;Centro-oeste; ; ;1971,265;0,009337
243;Polygon;5222054;Vicentinópolis;520009;Piracanjuba;5202;Itumbiara;52;Goiás;5;Centro-oeste; ; ;733,794;-0,128685
131;Polygon;5212204;Jussara;520005;Goiás - Itapuranga;5201;Goiânia;52;Goiás;5;Centro-oeste; ; ;4092,339;-0,099534
219;Polygon;5220207;São Miguel do Araguaia;520016;Porangatu;5205;Porangatu - Uruaçu;52;Goiás;5;Centro-oeste; ; ;6150,179;-0,027531
95;Polygon;5208806;Goianira;520001;Goiânia;5201;Goiânia;52;Goiás;5;Centro-oeste;5208707;Goiânia/GO;213,772;0,342825
245;Polygon;5222302;Vila Propício;520018;Ceres - Rialma - Goianésia;5205;Porangatu - Uruaçu;52;Goiás;5;Centro-oeste; ; ;2181,593;-0,051324
108;Polygon;5209952;Indiara;520015;Palmeiras de Goiás;5204;São Luís de Montes Belos - Iporá;52;Goiás;5;Centro-oeste; ; ;955,419;0,069924
171;Polygon;5215603;Padre Bernardo;520020;Águas Lindas de Goiás;5206;Luziânia - Águas Lindas de Goiás;52;Goiás;5;Centro-oeste;5300108;Brasília/DF;3142,615;0,079667
242;Polygon;5222005;Vianópolis;520002;Anápolis;5201;Goiânia;52;Goiás;5;Centro-oeste; ; ;954,115;0,009328
6;Polygon;5200258;Águas Lindas de Goiás;520020;Águas Lindas de Goiás;5206;Luziânia - Águas Lindas de Goiás;52;Goiás;5;Centro-oeste;5300108;Brasília/DF;191,817;0,862999
41;Polygon;5204003;Cabeceiras;520020;Águas Lindas de Goiás;5206;Luziânia - Águas Lindas de Goiás;52;Goiás;5;Centro-oeste; ; ;1126,434;-0,021817
60;Polygon;5205307;Cavalcante;520022;Flores de Goiás;5206;Luziânia - Águas Lindas de Goiás;52;Goiás;5;Centro-oeste; ; ;6948,78;-0,134535
146;Polygon;5213707;Montes Claros de Goiás;520014;Iporá;5204;São Luís de Montes Belos - Iporá;52;Goiás;5;Centro-oeste; ; ;2900,397;-0,062769
62;Polygon;5205455;Cezarina;520015;Palmeiras de Goiás;5204;São Luís de Montes Belos - Iporá;52;Goiás;5;Centro-oeste; ; ;417,08;-0,039748
235;Polygon;5221551;Turvelândia;520010;Rio Verde;5203;Rio Verde;52;Goiás;5;Centro-oeste; ; ;935,659;0,103043
187;Polygon;5217708;Pontalina;520009;Piracanjuba;5202;Itumbiara;52;Goiás;5;Centro-oeste; ; ;1434,289;0,054927
17;Polygon;5201306;Anicuns;520003;Inhumas - Itaberaí - Anicuns;5201;Goiânia;52;Goiás;5;Centro-oeste; ; ;976,038;0,042576
4;Polygon;5200175;Água Fria de Goiás;520022;Flores de Goiás;5206;Luziânia - Águas Lindas de Goiás;52;Goiás;5;Centro-oeste; ; ;2023,636;-0,069343
96;Polygon;5208905;Goiás;520005;Goiás - Itapuranga;5201;Goiânia;52;Goiás;5;Centro-oeste; ; ;3108,423;0,026194
20;Polygon;5201504;Aporé;520011;Jataí-Mineiros;5203;Rio Verde;52;Goiás;5;Centro-oeste; ; ;2899,237;0,019798
118;Polygon;5210901;Itapaci;520018;Ceres - Rialma - Goianésia;5205;Porangatu - Uruaçu;52;Goiás;5;Centro-oeste; ; ;952,998;-0,061309
125;Polygon;5211701;Jandaia;520015;Palmeiras de Goiás;5204;São Luís de Montes Belos - Iporá;52;Goiás;5;Centro-oeste; ; ;863,087;-0,076827
215;Polygon;5220009;São João d'Aliança;520022;Flores de Goiás;5206;Luziânia - Águas Lindas de Goiás;52;Goiás;5;Centro-oeste; ; ;3334,455;0,035061
80;Polygon;5207352;Edealina;520009;Piracanjuba;5202;Itumbiara;52;Goiás;5;Centro-oeste; ; ;598,218;0,003948
126;Polygon;5211800;Jaraguá;520002;Anápolis;5201;Goiânia;52;Goiás;5;Centro-oeste; ; ;1848,947;0,23899
198;Polygon;5218904;Rubiataba;520018;Ceres - Rialma - Goianésia;5205;Porangatu - Uruaçu;52;Goiás;5;Centro-oeste; ; ;750,659;0,021786
183;Polygon;5217203;Piranhas;520014;Iporá;5204;São Luís de Montes Belos - Iporá;52;Goiás;5;Centro-oeste; ; ;2045,088;0,014919
64;Polygon;5205497;Cidade Ocidental;520019;Luziânia;5206;Luziânia - Águas Lindas de Goiás;52;Goiás;5;Centro-oeste;5300108;Brasília/DF;389,985;0,689096
77;Polygon;5206909;Davinópolis;520004;Catalão;5201;Goiânia;52;Goiás;5;Centro-oeste; ; ;482,857;-0,069985
38;Polygon;5203906;Buriti Alegre;520007;Itumbiara;5202;Itumbiara;52;Goiás;5;Centro-oeste; ; ;901,932;-0,028713
155;Polygon;5214408;Nazário;520015;Palmeiras de Goiás;5204;São Luís de Montes Belos - Iporá;52;Goiás;5;Centro-oeste; ; ;281,147;0,180939
42;Polygon;5204102;Cachoeira Alta;520010;Rio Verde;5203;Rio Verde;52;Goiás;5;Centro-oeste; ; ;1657,226;-0,025658
112;Polygon;5210208;Iporá;520014;Iporá;5204;São Luís de Montes Belos - Iporá;52;Goiás;5;Centro-oeste; ; ;1027,249;0,156874
121;Polygon;5211305;Itarumã;520010;Rio Verde;5203;Rio Verde;52;Goiás;5;Centro-oeste; ; ;3437,367;-0,124654
79;Polygon;5207253;Doverlândia;520011;Jataí-Mineiros;5203;Rio Verde;52;Goiás;5;Centro-oeste; ; ;3227,558;-0,057154
133;Polygon;5212303;Leopoldo de Bulhões;520002;Anápolis;5201;Goiânia;52;Goiás;5;Centro-oeste; ; ;476,137;0,054006
91;Polygon;5208400;Goianápolis;520002;Anápolis;5201;Goiânia;52;Goiás;5;Centro-oeste; ; ;166,642;0,142857
56;Polygon;5205000;Carmo do Rio Verde;520018;Ceres - Rialma - Goianésia;5205;Porangatu - Uruaçu;52;Goiás;5;Centro-oeste; ; ;419,821;-0,001784
120;Polygon;5211206;Itapuranga;520005;Goiás - Itapuranga;5201;Goiânia;52;Goiás;5;Centro-oeste; ; ;1281,404;0,113357
210;Polygon;5219712;Santo Antônio da Barra;520010;Rio Verde;5203;Rio Verde;52;Goiás;5;Centro-oeste; ; ;450,336;-0,034631
122;Polygon;5211404;Itauçu;520003;Inhumas - Itaberaí - Anicuns;5201;Goiânia;52;Goiás;5;Centro-oeste; ; ;383,066;0,078267
190;Polygon;5218102;Portelândia;520011;Jataí-Mineiros;5203;Rio Verde;52;Goiás;5;Centro-oeste; ; ;553,411;0,072682
191;Polygon;5218300;Posse;520021;Posse-Campos Belos;5206;Luziânia - Águas Lindas de Goiás;52;Goiás;5;Centro-oeste; ; ;2076,99;0,285631
98;Polygon;5209150;Gouvelândia;520012;Quirinópolis;5203;Rio Verde;52;Goiás;5;Centro-oeste; ; ;827,373;0,02306
65;Polygon;5205513;Cocalzinho de Goiás;520020;Águas Lindas de Goiás;5206;Luziânia - Águas Lindas de Goiás;52;Goiás;5;Centro-oeste; ; ;1785,339;0,181965
137;Polygon;5212808;Mara Rosa;520017;Uruaçu - Niquelândia;5205;Porangatu - Uruaçu;52;Goiás;5;Centro-oeste; ; ;1695,463;-0,019967
130;Polygon;5212105;Joviânia;520007;Itumbiara;5202;Itumbiara;52;Goiás;5;Centro-oeste; ; ;446,258;0,165983
189;Polygon;5218052;Porteirão;520010;Rio Verde;5203;Rio Verde;52;Goiás;5;Centro-oeste; ; ;606,262;0,034525
177;Polygon;5216304;Paranaiguara;520012;Quirinópolis;5203;Rio Verde;52;Goiás;5;Centro-oeste; ; ;1153,415;0,052755
194;Polygon;5218607;Rialma;520018;Ceres - Rialma - Goianésia;5205;Porangatu - Uruaçu;52;Goiás;5;Centro-oeste; ; ;268,291;0,050015
119;Polygon;5211008;Itapirapuã;520005;Goiás - Itapuranga;5201;Goiânia;52;Goiás;5;Centro-oeste; ; ;2047,874;0,028677
61;Polygon;5205406;Ceres;520018;Ceres - Rialma - Goianésia;5205;Porangatu - Uruaçu;52;Goiás;5;Centro-oeste; ; ;213,07;0,167728
107;Polygon;5209937;Inaciolândia;520012;Quirinópolis;5203;Rio Verde;52;Goiás;5;Centro-oeste; ; ;689,201;0,030151
1;Polygon;5200100;Abadiânia;520002;Anápolis;5201;Goiânia;52;Goiás;5;Centro-oeste; ; ;1044,555;0,172936
89;Polygon;5208152;Gameleira de Goiás;520002;Anápolis;5201;Goiânia;52;Goiás;5;Centro-oeste; ; ;588,328;0,054331
153;Polygon;5214051;Mundo Novo;520016;Porangatu;5205;Porangatu - Uruaçu;52;Goiás;5;Centro-oeste; ; ;2141,534;0,089931
32;Polygon;5203401;Bom Jardim de Goiás;520014;Iporá;5204;São Luís de Montes Belos - Iporá;52;Goiás;5;Centro-oeste; ; ;1901,137;0,030937
184;Polygon;5217302;Pirenópolis;520002;Anápolis;5201;Goiânia;52;Goiás;5;Centro-oeste; ; ;2200,369;0,223159
26;Polygon;5202502;Aruanã;520005;Goiás - Itapuranga;5201;Goiânia;52;Goiás;5;Centro-oeste; ; ;3054,773;0,344022
140;Polygon;5213004;Maurilândia;520010;Rio Verde;5203;Rio Verde;52;Goiás;5;Centro-oeste; ; ;389,959;0,120164
166;Polygon;5215231;Novo Gama;520019;Luziânia;5206;Luziânia - Águas Lindas de Goiás;52;Goiás;5;Centro-oeste;5300108;Brasília/DF;192,285;0,957373
201;Polygon;5219209;Santa Cruz de Goiás;520006;Pires do Rio;5201;Goiânia;52;Goiás;5;Centro-oeste; ; ;1109,007;0,023393
35;Polygon;5203575;Bonópolis;520016;Porangatu;5205;Porangatu - Uruaçu;52;Goiás;5;Centro-oeste; ; ;1635,319;0,047509
37;Polygon;5203807;Britânia;520005;Goiás - Itapuranga;5201;Goiânia;52;Goiás;5;Centro-oeste; ; ;1458,459;0,215879
238;Polygon;5221700;Uruana;520018;Ceres - Rialma - Goianésia;5205;Porangatu - Uruaçu;52;Goiás;5;Centro-oeste; ; ;522,904;0,240087
86;Polygon;5207907;Flores de Goiás;520022;Flores de Goiás;5206;Luziânia - Águas Lindas de Goiás;52;Goiás;5;Centro-oeste; ; ;3695,106;0,120926
0;Polygon;5200050;Abadia de Goiás;520001;Goiânia;5201;Goiânia;52;Goiás;5;Centro-oeste;5208707;Goiânia/GO;143,357;0,327703
99;Polygon;5209200;Guapó;520001;Goiânia;5201;Goiânia;52;Goiás;5;Centro-oeste;5208707;Goiânia/GO;514,178;0,207149
10;Polygon;5200605;Alto Paraíso de Goiás;520022;Flores de Goiás;5206;Luziânia - Águas Lindas de Goiás;52;Goiás;5;Centro-oeste; ; ;2594,998;0,232492
181;Polygon;5216908;Pilar de Goiás;520018;Ceres - Rialma - Goianésia;5205;Porangatu - Uruaçu;52;Goiás;5;Centro-oeste; ; ;906,048;-0,045491
53;Polygon;5204854;Campo Limpo de Goiás;520002;Anápolis;5201;Goiânia;52;Goiás;5;Centro-oeste; ; ;156,113;0,244459
218;Polygon;5220157;São Luiz do Norte;520017;Uruaçu - Niquelândia;5205;Porangatu - Uruaçu;52;Goiás;5;Centro-oeste; ; ;583,832;0,051366
234;Polygon;5221502;Turvânia;520015;Palmeiras de Goiás;5204;São Luís de Montes Belos - Iporá;52;Goiás;5;Centro-oeste; ; ;482,317;0,256065
213;Polygon;5219803;São Domingos;520021;Posse-Campos Belos;5206;Luziânia - Águas Lindas de Goiás;52;Goiás;5;Centro-oeste; ; ;3335,999;0,075211
24;Polygon;5202155;Araguapaz;520005;Goiás - Itapuranga;5201;Goiânia;52;Goiás;5;Centro-oeste; ; ;2188,1;0,086204
54;Polygon;5204904;Campos Belos;520021;Posse-Campos Belos;5206;Luziânia - Águas Lindas de Goiás;52;Goiás;5;Centro-oeste; ; ;735,126;0,259716
172;Polygon;5215652;Palestina de Goiás;520014;Iporá;5204;São Luís de Montes Belos - Iporá;52;Goiás;5;Centro-oeste; ; ;1318,047;0,074569
220;Polygon;5220264;São Miguel do Passa Quatro;520002;Anápolis;5201;Goiânia;52;Goiás;5;Centro-oeste; ; ;537,347;0,182991
84;Polygon;5207600;Fazenda Nova;520013;São Luís de Montes Belos;5204;São Luís de Montes Belos - Iporá;52;Goiás;5;Centro-oeste; ; ;1279,107;0,111546
51;Polygon;5204706;Campinorte;520017;Uruaçu - Niquelândia;5205;Porangatu - Uruaçu;52;Goiás;5;Centro-oeste; ; ;1064,541;0,161885
175;Polygon;5215900;Palminópolis;520015;Palmeiras de Goiás;5204;São Luís de Montes Belos - Iporá;52;Goiás;5;Centro-oeste; ; ;393,326;0,084518
25;Polygon;5202353;Arenópolis;520014;Iporá;5204;São Luís de Montes Belos - Iporá;52;Goiás;5;Centro-oeste; ; ;1075,535;0,240843
139;Polygon;5212956;Matrinchã;520005;Goiás - Itapuranga;5201;Goiânia;52;Goiás;5;Centro-oeste; ; ;1150,503;0,034635
202;Polygon;5219258;Santa Fé de Goiás;520005;Goiás - Itapuranga;5201;Goiânia;52;Goiás;5;Centro-oeste; ; ;1164,186;0,076595
124;Polygon;5211602;Ivolândia;520013;São Luís de Montes Belos;5204;São Luís de Montes Belos - Iporá;52;Goiás;5;Centro-oeste; ; ;1260,841;0,074881
212;Polygon;5219753;Santo Antônio do Descoberto;520019;Luziânia;5206;Luziânia - Águas Lindas de Goiás;52;Goiás;5;Centro-oeste;5300108;Brasília/DF;943,948;1,025822
151;Polygon;5213905;Mossâmedes;520005;Goiás - Itapuranga;5201;Goiânia;52;Goiás;5;Centro-oeste; ; ;684,882;0,139492
167;Polygon;5215256;Novo Planalto;520016;Porangatu;5205;Porangatu - Uruaçu;52;Goiás;5;Centro-oeste; ; ;1254,491;0,075691
85;Polygon;5207808;Firminópolis;520015;Palmeiras de Goiás;5204;São Luís de Montes Belos - Iporá;52;Goiás;5;Centro-oeste; ; ;422,34;0,153286
117;Polygon;5210802;Itajá;520010;Rio Verde;5203;Rio Verde;52;Goiás;5;Centro-oeste; ; ;2082,737;0,060304
180;Polygon;5216809;Petrolina de Goiás;520002;Anápolis;5201;Goiânia;52;Goiás;5;Centro-oeste; ; ;530,49;0,131368
68;Polygon;5205802;Corumbá de Goiás;520002;Anápolis;5201;Goiânia;52;Goiás;5;Centro-oeste; ; ;1064,833;0,235931
106;Polygon;5209903;Iaciara;520021;Posse-Campos Belos;5206;Luziânia - Águas Lindas de Goiás;52;Goiás;5;Centro-oeste; ; ;1547,183;0,188693
83;Polygon;5207535;Faina;520005;Goiás - Itapuranga;5201;Goiânia;52;Goiás;5;Centro-oeste; ; ;1949,685;0,228284
205;Polygon;5219407;Santa Rita do Araguaia;520011;Jataí-Mineiros;5203;Rio Verde;52;Goiás;5;Centro-oeste; ; ;1357,197;0,147512
176;Polygon;5216007;Panamá;520007;Itumbiara;5202;Itumbiara;52;Goiás;5;Centro-oeste; ; ;432,204;0,184817
239;Polygon;5221809;Urutaí;520006;Pires do Rio;5201;Goiânia;52;Goiás;5;Centro-oeste; ; ;623,821;0,078659
221;Polygon;5220280;São Patrício;520018;Ceres - Rialma - Goianésia;5205;Porangatu - Uruaçu;52;Goiás;5;Centro-oeste; ; ;172,763;-0,039762
164;Polygon;5215009;Nova Veneza;520001;Goiânia;5201;Goiânia;52;Goiás;5;Centro-oeste;5208707;Goiânia/GO;122,354;0,20495
141;Polygon;5213053;Mimoso de Goiás;520020;Águas Lindas de Goiás;5206;Luziânia - Águas Lindas de Goiás;52;Goiás;5;Centro-oeste; ; ;1380,701;0,068216
101;Polygon;5209408;Guarani de Goiás;520021;Posse-Campos Belos;5206;Luziânia - Águas Lindas de Goiás;52;Goiás;5;Centro-oeste; ; ;1221,054;0,113492
216;Polygon;5220058;São João da Paraúna;520015;Palmeiras de Goiás;5204;São Luís de Montes Belos - Iporá;52;Goiás;5;Centro-oeste; ; ;286,979;0,09776
209;Polygon;5219704;Santa Terezinha de Goiás;520018;Ceres - Rialma - Goianésia;5205;Porangatu - Uruaçu;52;Goiás;5;Centro-oeste; ; ;1206,6;0,271663
12;Polygon;5200829;Amaralina;520017;Uruaçu - Niquelândia;5205;Porangatu - Uruaçu;52;Goiás;5;Centro-oeste; ; ;1343,742;0,119156
145;Polygon;5213509;Monte Alegre de Goiás;520021;Posse-Campos Belos;5206;Luziânia - Águas Lindas de Goiás;52;Goiás;5;Centro-oeste; ; ;3119,86;0,155115
148;Polygon;5213772;Montividiu do Norte;520016;Porangatu;5205;Porangatu - Uruaçu;52;Goiás;5;Centro-oeste; ; ;1337,232;0,236793
57;Polygon;5205059;Castelândia;520010;Rio Verde;5203;Rio Verde;52;Goiás;5;Centro-oeste; ; ;299,228;0,13347
244;Polygon;5222203;Vila Boa;520022;Flores de Goiás;5206;Luziânia - Águas Lindas de Goiás;52;Goiás;5;Centro-oeste; ; ;1052,593;0,227848
22;Polygon;5201702;Aragarças;520014;Iporá;5204;São Luís de Montes Belos - Iporá;52;Goiás;5;Centro-oeste; ; ;661,677;0,339973
230;Polygon;5221197;Terezópolis de Goiás;520001;Goiânia;5201;Goiânia;52;Goiás;5;Centro-oeste; ; ;107,407;0,219552
227;Polygon;5220702;Sítio d'Abadia;520021;Posse-Campos Belos;5206;Luziânia - Águas Lindas de Goiás;52;Goiás;5;Centro-oeste; ; ;1611,851;0,041382
29;Polygon;5203104;Baliza;520014;Iporá;5204;São Luís de Montes Belos - Iporá;52;Goiás;5;Centro-oeste; ; ;1780,173;0,122971
214;Polygon;5219902;São Francisco de Goiás;520002;Anápolis;5201;Goiânia;52;Goiás;5;Centro-oeste; ; ;416,535;0,21313
59;Polygon;5205208;Caturaí;520001;Goiânia;5201;Goiânia;52;Goiás;5;Centro-oeste; ; ;205,065;0,249495
204;Polygon;5219357;Santa Isabel;520018;Ceres - Rialma - Goianésia;5205;Porangatu - Uruaçu;52;Goiás;5;Centro-oeste; ; ;812,756;0,298452
165;Polygon;5215207;Novo Brasil;520005;Goiás - Itapuranga;5201;Goiânia;52;Goiás;5;Centro-oeste; ; ;649,349;0,138639
19;Polygon;5201454;Aparecida do Rio Doce;520010;Rio Verde;5203;Rio Verde;52;Goiás;5;Centro-oeste; ; ;603,254;0,079883
50;Polygon;5204656;Campinaçu;520016;Porangatu;5205;Porangatu - Uruaçu;52;Goiás;5;Centro-oeste; ; ;1978,386;0,208025
200;Polygon;5219100;Santa Bárbara de Goiás;520015;Palmeiras de Goiás;5204;São Luís de Montes Belos - Iporá;52;Goiás;5;Centro-oeste; ; ;140,957;0,210781
199;Polygon;5219001;Sanclerlândia;520013;São Luís de Montes Belos;5204;São Luís de Montes Belos - Iporá;52;Goiás;5;Centro-oeste; ; ;509,402;0,327865
135;Polygon;5212600;Mairipotaba;520009;Piracanjuba;5202;Itumbiara;52;Goiás;5;Centro-oeste; ; ;468,029;0,292424
154;Polygon;5214101;Mutunópolis;520016;Porangatu;5205;Porangatu - Uruaçu;52;Goiás;5;Centro-oeste; ; ;955,069;0,13567
233;Polygon;5221452;Trombas;520016;Porangatu;5205;Porangatu - Uruaçu;52;Goiás;5;Centro-oeste; ; ;802,905;0,218107
92;Polygon;5208509;Goiandira;520004;Catalão;5201;Goiânia;52;Goiás;5;Centro-oeste;5205109;Catalão/GO;569,917;0,169774
14;Polygon;5200902;Amorinópolis;520014;Iporá;5204;São Luís de Montes Belos - Iporá;52;Goiás;5;Centro-oeste; ; ;406,93;0,096196
241;Polygon;5221908;Varjão;520001;Goiânia;5201;Goiânia;52;Goiás;5;Centro-oeste; ; ;517,402;0,219869
23;Polygon;5201801;Aragoiânia;520001;Goiânia;5201;Goiânia;52;Goiás;5;Centro-oeste;5208707;Goiânia/GO;218,125;0,341971
169;Polygon;5215405;Ouro Verde de Goiás;520002;Anápolis;5201;Goiânia;52;Goiás;5;Centro-oeste; ; ;208,804;0,176385
11;Polygon;5200803;Alvorada do Norte;520021;Posse-Campos Belos;5206;Luziânia - Águas Lindas de Goiás;52;Goiás;5;Centro-oeste; ; ;1268,347;0,331721
27;Polygon;5202601;Aurilândia;520013;São Luís de Montes Belos;5204;São Luís de Montes Belos - Iporá;52;Goiás;5;Centro-oeste; ; ;565,514;0,062368
78;Polygon;5207105;Diorama;520014;Iporá;5204;São Luís de Montes Belos - Iporá;52;Goiás;5;Centro-oeste; ; ;685,382;0,215772
196;Polygon;5218789;Rio Quente;520008;Caldas Novas-Morrinhos;5202;Itumbiara;52;Goiás;5;Centro-oeste; ; ;244,655;0,332197
226;Polygon;5220686;Simolândia;520021;Posse-Campos Belos;5206;Luziânia - Águas Lindas de Goiás;52;Goiás;5;Centro-oeste; ; ;346,811;0,239891
208;Polygon;5219605;Santa Tereza de Goiás;520016;Porangatu;5205;Porangatu - Uruaçu;52;Goiás;5;Centro-oeste; ; ;789,544;0,278786
90;Polygon;5208301;Divinópolis de Goiás;520021;Posse-Campos Belos;5206;Luziânia - Águas Lindas de Goiás;52;Goiás;5;Centro-oeste; ; ;828,874;0,220072
163;Polygon;5214903;Nova Roma;520021;Posse-Campos Belos;5206;Luziânia - Águas Lindas de Goiás;52;Goiás;5;Centro-oeste; ; ;2136,725;0,137682
74;Polygon;5206602;Cumari;520004;Catalão;5201;Goiânia;52;Goiás;5;Centro-oeste; ; ;568,365;0,309126
88;Polygon;5208103;Formoso;520016;Porangatu;5205;Porangatu - Uruaçu;52;Goiás;5;Centro-oeste; ; ;843,42;0,196707
211;Polygon;5219738;Santo Antônio de Goiás;520001;Goiânia;5201;Goiânia;52;Goiás;5;Centro-oeste;5208707;Goiânia/GO;135,022;0,337025
71;Polygon;5206305;Cristianópolis;520009;Piracanjuba;5202;Itumbiara;52;Goiás;5;Centro-oeste; ; ;221,624;0,368563
67;Polygon;5205703;Córrego do Ouro;520013;São Luís de Montes Belos;5204;São Luís de Montes Belos - Iporá;52;Goiás;5;Centro-oeste; ; ;458,077;0,123231
73;Polygon;5206503;Cromínia;520009;Piracanjuba;5202;Itumbiara;52;Goiás;5;Centro-oeste; ; ;364,918;0,207287
161;Polygon;5214861;Nova Glória;520018;Ceres - Rialma - Goianésia;5205;Porangatu - Uruaçu;52;Goiás;5;Centro-oeste; ; ;411,753;0,385748
82;Polygon;5207501;Estrela do Norte;520016;Porangatu;5205;Porangatu - Uruaçu;52;Goiás;5;Centro-oeste; ; ;301,139;0,152132
136;Polygon;5212709;Mambaí;520021;Posse-Campos Belos;5206;Luziânia - Águas Lindas de Goiás;52;Goiás;5;Centro-oeste; ; ;858,27;0,238284
138;Polygon;5212907;Marzagão;520008;Caldas Novas-Morrinhos;5202;Itumbiara;52;Goiás;5;Centro-oeste; ; ;225,518;0,193257
34;Polygon;5203559;Bonfinópolis;520001;Goiânia;5201;Goiânia;52;Goiás;5;Centro-oeste;5208707;Goiânia/GO;121,915;0,348305
206;Polygon;5219456;Santa Rita do Novo Destino;520018;Ceres - Rialma - Goianésia;5205;Porangatu - Uruaçu;52;Goiás;5;Centro-oeste; ; ;970,448;0,471362
5;Polygon;5200209;Água Limpa;520008;Caldas Novas-Morrinhos;5202;Itumbiara;52;Goiás;5;Centro-oeste; ; ;458,836;0,274371
66;Polygon;5205521;Colinas do Sul;520017;Uruaçu - Niquelândia;5205;Porangatu - Uruaçu;52;Goiás;5;Centro-oeste; ; ;1707,519;0,305036
105;Polygon;5209804;Hidrolina;520017;Uruaçu - Niquelândia;5205;Porangatu - Uruaçu;52;Goiás;5;Centro-oeste; ; ;583,756;0,337344
103;Polygon;5209606;Heitoraí;520003;Inhumas - Itaberaí - Anicuns;5201;Goiânia;52;Goiás;5;Centro-oeste; ; ;228,615;0,234601
228;Polygon;5221007;Taquaral de Goiás;520003;Inhumas - Itaberaí - Anicuns;5201;Goiânia;52;Goiás;5;Centro-oeste; ; ;205,665;0,198674
159;Polygon;5214804;Nova Aurora;520004;Catalão;5201;Goiânia;52;Goiás;5;Centro-oeste; ; ;307,335;0,083468
115;Polygon;5210562;Itaguari;520003;Inhumas - Itaberaí - Anicuns;5201;Goiânia;52;Goiás;5;Centro-oeste; ; ;142,652;0,185314
207;Polygon;5219506;Santa Rosa de Goiás;520002;Anápolis;5201;Goiânia;52;Goiás;5;Centro-oeste; ; ;166,44;0,241725
116;Polygon;5210604;Itaguaru;520003;Inhumas - Itaberaí - Anicuns;5201;Goiânia;52;Goiás;5;Centro-oeste; ; ;241,029;0,320717
113;Polygon;5210307;Israelândia;520014;Iporá;5204;São Luís de Montes Belos - Iporá;52;Goiás;5;Centro-oeste; ; ;579,19;0,22013
28;Polygon;5202809;Avelinópolis;520003;Inhumas - Itaberaí - Anicuns;5201;Goiânia;52;Goiás;5;Centro-oeste; ; ;170,228;0,185159
43;Polygon;5204201;Cachoeira de Goiás;520013;São Luís de Montes Belos;5204;São Luís de Montes Belos - Iporá;52;Goiás;5;Centro-oeste; ; ;424,49;0,241627
40;Polygon;5203962;Buritinópolis;520021;Posse-Campos Belos;5206;Luziânia - Águas Lindas de Goiás;52;Goiás;5;Centro-oeste; ; ;246,075;0,224266
132;Polygon;5212253;Lagoa Santa;520010;Rio Verde;5203;Rio Verde;52;Goiás;5;Centro-oeste; ; ;463,289;0,276895
55;Polygon;5204953;Campos Verdes;520018;Ceres - Rialma - Goianésia;5205;Porangatu - Uruaçu;52;Goiás;5;Centro-oeste; ; ;443,125;0,208573
49;Polygon;5204607;Campestre de Goiás;520015;Palmeiras de Goiás;5204;São Luís de Montes Belos - Iporá;52;Goiás;5;Centro-oeste; ; ;272,734;0,293138
48;Polygon;5204557;Caldazinha;520001;Goiânia;5201;Goiânia;52;Goiás;5;Centro-oeste;5208707;Goiânia/GO;251,72;0,352682
195;Polygon;5218706;Rianápolis;520018;Ceres - Rialma - Goianésia;5205;Porangatu - Uruaçu;52;Goiás;5;Centro-oeste; ; ;157,379;0,145383
39;Polygon;5203939;Buriti de Goiás;520013;São Luís de Montes Belos;5204;São Luís de Montes Belos - Iporá;52;Goiás;5;Centro-oeste; ; ;202,576;0,328066
21;Polygon;5201603;Araçu;520003;Inhumas - Itaberaí - Anicuns;5201;Goiânia;52;Goiás;5;Centro-oeste; ; ;149,776;0,368818
76;Polygon;5206800;Damolândia;520003;Inhumas - Itaberaí - Anicuns;5201;Goiânia;52;Goiás;5;Centro-oeste; ; ;86,057;0,329066
150;Polygon;5213855;Morro Agudo de Goiás;520018;Ceres - Rialma - Goianésia;5205;Porangatu - Uruaçu;52;Goiás;5;Centro-oeste; ; ;282,333;0,41425
111;Polygon;5210158;Ipiranga de Goiás;520018;Ceres - Rialma - Goianésia;5205;Porangatu - Uruaçu;52;Goiás;5;Centro-oeste; ; ;244,209;0,311982
236;Polygon;5221577;Uirapuru;520018;Ceres - Rialma - Goianésia;5205;Porangatu - Uruaçu;52;Goiás;5;Centro-oeste; ; ;1154,305;0,328733
231;Polygon;5221304;Três Ranchos;520004;Catalão;5201;Goiânia;52;Goiás;5;Centro-oeste;5205109;Catalão/GO;284,034;0,159915
3;Polygon;5200159;Adelândia;520003;Inhumas - Itaberaí - Anicuns;5201;Goiânia;52;Goiás;5;Centro-oeste; ; ;115,385;0,266269
158;Polygon;5214705;Nova América;520018;Ceres - Rialma - Goianésia;5205;Porangatu - Uruaçu;52;Goiás;5;Centro-oeste; ; ;209,432;0,266412
102;Polygon;5209457;Guarinos;520018;Ceres - Rialma - Goianésia;5205;Porangatu - Uruaçu;52;Goiás;5;Centro-oeste; ; ;593,188;0,156227
75;Polygon;5206701;Damianópolis;520021;Posse-Campos Belos;5206;Luziânia - Águas Lindas de Goiás;52;Goiás;5;Centro-oeste; ; ;417,625;0,284921
129;Polygon;5212055;Jesúpolis;520002;Anápolis;5201;Goiânia;52;Goiás;5;Centro-oeste; ; ;115,211;0,304431
174;Polygon;5215801;Palmelo;520006;Pires do Rio;5201;Goiânia;52;Goiás;5;Centro-oeste; ; ;59,809;0,152848
229;Polygon;5221080;Teresina de Goiás;520022;Flores de Goiás;5206;Luziânia - Águas Lindas de Goiás;52;Goiás;5;Centro-oeste; ; ;784,793;0,23776
13;Polygon;5200852;Americano do Brasil;520003;Inhumas - Itaberaí - Anicuns;5201;Goiânia;52;Goiás;5;Centro-oeste; ; ;133,834;0,718079
16;Polygon;5201207;Anhanguera;520004;Catalão;5201;Goiânia;52;Goiás;5;Centro-oeste; ; ;55,569;0,471944
36;Polygon;5203609;Brazabrantes;520001;Goiânia;5201;Goiânia;52;Goiás;5;Centro-oeste;5208707;Goiânia/GO;125,326;0,697355
144;Polygon;5213400;Moiporá;520013;São Luís de Montes Belos;5204;São Luís de Montes Belos - Iporá;52;Goiás;5;Centro-oeste; ; ;452,314;0,558141
8;Polygon;5200506;Aloândia;520007;Itumbiara;5202;Itumbiara;52;Goiás;5;Centro-oeste; ; ;102,094;0,211851
128;Polygon;5212006;Jaupaci;520014;Iporá;5204;São Luís de Montes Belos - Iporá;52;Goiás;5;Centro-oeste; ; ;528,783;0,425403
192;Polygon;5218391;Professor Jamil;520009;Piracanjuba;5202;Itumbiara;52;Goiás;5;Centro-oeste; ; ;356,292;0,319545
100;Polygon;5209291;Guaraíta;520005;Goiás - Itapuranga;5201;Goiânia;52;Goiás;5;Centro-oeste; ; ;205,533;0,529565
162;Polygon;5214879;Nova Iguaçu de Goiás;520017;Uruaçu - Niquelândia;5205;Porangatu - Uruaçu;52;Goiás;5;Centro-oeste; ; ;625,625;0,769764
